{"version":null,"displayName":"Kubernetes","type":"kubernetes","logo":"kubernetes.jpeg","logoSmall":"kubernetes_logo.jpeg","metadata":[{"name":"kind","dependent":false,"dependentMetadata":null,"values":[{"id":"deployment","name":"Deployment","attributeName":null,"referenceType":null,"dependents":null,"regex":false},{"id":"pod","name":"Pod","attributeName":null,"referenceType":null,"dependents":null,"regex":false}]},{"name":"namespace","dependent":false,"dependentMetadata":null,"values":[{"id":"default","name":"default","attributeName":null,"referenceType":null,"dependents":null,"regex":false}]}],"fields":[{"id":"image","name":"Image","datatype":"string","values":null},{"id":"container_name","name":"Container Name","datatype":"string","values":null},{"id":"creationTimestamp","name":"Create Time","datatype":"datetime","values":null},{"id":"selector_label","name":"Selector Label","datatype":"string","values":null},{"id":"template_label","name":"Template Label","datatype":"string","values":null},{"id":"id","name":"Name","datatype":"string","values":null},{"id":"_URL","name":"_URL","datatype":"string","values":null}],"loginOptions":[],"idFieldName":"id","titleFieldName":"id","projectFieldName":"namespace","artifactFieldName":"kind","testStepsFieldName":"","changedDateFieldName":"creationTimestamp","dateFormat":"yyyy-MM-dd","dateTimeFormat":"yyyy-MM-ss'T'HH:mm:ssZ","queryDateFormat":"yyyy-MM-ss'T'HH:mm:ssZ","isISO8601DateFormat":"","commentFieldName":"","commentFieldId":"","attachmentFieldName":"","attachmentFieldId":"","apiVersion":"","callBackUrlConfigured":false,"callBackUrls":[],"apiProvider":"ExternalApplication","applicationType":null,"urlDescription":"","userNameDescription":"","passwordDescription":"","paginationSupported":false,"paginationAttributes":null,"status":"Active","active":true}