[{"schemeId":1,"schemeName":"v1","adapterType":"kubernetes","group":null,"active":true,"adapterMetadataList":[],"requestHeaders":[],"restTemplates":{"QUERY_RECORD_BY_ID":{"templateId":1,"operation":"QUERY_RECORD_BY_ID","httpVerb":"GET","restUrl":"/apis/apps/v1/namespaces/${namespace}/${kind}s/${recordId}","specifications":{"Request":{"specId":7,"type":"Request","adapterType":null,"specType":null,"status":"Active","specification":null,"samplePayload":null,"statusCode":2,"contentAvailable":false},"Response":{"specId":8,"type":"Response","adapterType":null,"specType":"JOLT","status":"Active","specification":"[\n  {\n    \"operation\": \"shift\",\n    \"spec\": {\n          \"metadata\": {\n            \"name\": \"id\",\n            \"creationTimestamp\": \"fields.&\",\n            \"labels\": {\n              \"run\": \"fields.labels\",\n              \"app\": \"fields.&\"\n            \n          }\n        }\n      }\n    }\n  \n]\n","samplePayload":"{\n  \"kind\": \"Deployment\",\n  \"apiVersion\": \"apps/v1\",\n  \"metadata\": {\n    \"name\": \"deployment-example\",\n    \"namespace\": \"default\",\n    \"selfLink\": \"/apis/apps/v1/namespaces/default/deployments/deployment-example\",\n    \"uid\": \"1b33145a-9c63-11e6-9c54-42010a800148\",\n    \"resourceVersion\": \"2064726\",\n    \"generation\": 4,\n    \"creationTimestamp\": \"2016-10-27T16:33:35Z\",\n    \"labels\": {\n      \"app\": \"nginx\"\n    },\n    \"annotations\": {\n      \"deployment.kubernetes.io/revision\": \"1\"\n    }\n  },\n  \"spec\": {\n    \"replicas\": 3,\n    \"selector\": {\n      \"matchLabels\": {\n        \"app\": \"nginx\"\n      }\n    },\n    \"template\": {\n      \"metadata\": {\n        \"creationTimestamp\": null,\n        \"labels\": {\n          \"app\": \"nginx\"\n        }\n      },\n      \"spec\": {\n        \"containers\": [\n          {\n            \"name\": \"nginx\",\n            \"image\": \"nginx:1.14\",\n            \"ports\": [\n              {\n                \"containerPort\": 80,\n                \"protocol\": \"TCP\"\n              }\n            ],\n            \"resources\": {},\n            \"terminationMessagePath\": \"/dev/termination-log\",\n            \"imagePullPolicy\": \"IfNotPresent\"\n          }\n        ],\n        \"restartPolicy\": \"Always\",\n        \"terminationGracePeriodSeconds\": 30,\n        \"dnsPolicy\": \"ClusterFirst\",\n        \"securityContext\": {}\n      }\n    },\n    \"strategy\": {\n      \"type\": \"RollingUpdate\",\n      \"rollingUpdate\": {\n        \"maxUnavailable\": 1,\n        \"maxSurge\": 1\n      }\n    }\n  },\n  \"status\": {\n    \"observedGeneration\": 4,\n    \"replicas\": 3,\n    \"updatedReplicas\": 3,\n    \"availableReplicas\": 3\n  }\n}","statusCode":2,"contentAvailable":true}}},"CREATE_RECORD":{"templateId":3,"operation":"CREATE_RECORD","httpVerb":"POST","restUrl":"/apis/apps/v1/namespaces/${namespace}/${kind}s","specifications":{"Request":{"specId":3,"type":"Request","adapterType":null,"specType":"JOLT","status":"Active","specification":"[{\n    \"operation\": \"shift\",\n    \"spec\": {\n      \"fields\": {\n        \"id\": \"metadata.name\",\n        \"replicas\": \"spec.&\",\n        \"selector_label\": \"spec.selector.matchLabels.app\",\n        \"image\": \"spec.template.spec.containers[0].&\",\n        \"container_name\": \"spec.template.spec.containers[0].name\",\n        \"creationTimestamp\": \"spec.template.metadata.&\",\n        \"template_label\": \"spec.template.metadata.labels.app\"\n      }\n    }\n},\n  {\n    \"operation\": \"modify-overwrite-beta\",\n    \"spec\": {\n      \"spec\": {\n        \"replicas\": [\"=toInteger\", 1]\n      }\n    }\n}\n]\n","samplePayload":"{\n  \"fields\": {\n    \"id\": \"my-app\",\n    \"image\": \"nginx\",\n    \"container_name\": \"nginx\",\n    \"selector_label\": \"back-end\",\n    \"template_label\": \"back-end\",\n    \"replicas\": \"1\",\n    \"creationTimestamp\": \"2020-09-24T17:16:58Z\"\n  }\n}","statusCode":2,"contentAvailable":true},"Response":{"specId":4,"type":"Response","adapterType":null,"specType":"JOLT","status":"Active","specification":"[\n  {\n    \"operation\": \"shift\",\n    \"spec\": {\n      \"metadata\": {\n        \"name\": \"id\",\n        \"creationTimestamp\": \"fields.&\",\n\"selfLink\":\"fields._URL\",\n        \"labels\": {\n          \"app\": \"fields.&\"\n        }\n      }\n    }\n  }\n]\n","samplePayload":"{\n  \"kind\": \"Deployment\",\n  \"apiVersion\": \"apps/v1\",\n  \"metadata\": {\n    \"name\": \"deployment-example\",\n    \"namespace\": \"default\",\n    \"selfLink\": \"/apis/apps/v1/namespaces/default/deployments/deployment-example\",\n    \"uid\": \"4ccca349-9cb1-11e6-9c54-42010a800148\",\n    \"resourceVersion\": \"2118306\",\n    \"generation\": 1,\n    \"creationTimestamp\": \"2016-10-28T01:53:19Z\",\n    \"labels\": {\n      \"app\": \"nginx\"\n    }\n  },\n  \"spec\": {\n    \"replicas\": 3,\n    \"selector\": {\n      \"matchLabels\": {\n        \"app\": \"nginx\"\n      }\n    },\n    \"template\": {\n      \"metadata\": {\n        \"creationTimestamp\": null,\n        \"labels\": {\n          \"app\": \"nginx\"\n        }\n      },\n      \"spec\": {\n        \"containers\": [\n          {\n            \"name\": \"nginx\",\n            \"image\": \"nginx:1.14\",\n            \"ports\": [\n              {\n                \"containerPort\": 80,\n                \"protocol\": \"TCP\"\n              }\n            ],\n            \"resources\": {},\n            \"terminationMessagePath\": \"/dev/termination-log\",\n            \"imagePullPolicy\": \"IfNotPresent\"\n          }\n        ],\n        \"restartPolicy\": \"Always\",\n        \"terminationGracePeriodSeconds\": 30,\n        \"dnsPolicy\": \"ClusterFirst\",\n        \"securityContext\": {}\n      }\n    },\n    \"strategy\": {\n      \"type\": \"RollingUpdate\",\n      \"rollingUpdate\": {\n        \"maxUnavailable\": 1,\n        \"maxSurge\": 1\n      }\n    },\n    \"revisionHistoryLimit\": 10\n  },\n  \"status\": {}\n}\n","statusCode":2,"contentAvailable":true}}},"QUERY_MODIFIED_RECORDS":{"templateId":2,"operation":"QUERY_MODIFIED_RECORDS","httpVerb":"GET","restUrl":"/apis/apps/v1/namespaces/${namespace}/${kind}s","specifications":{"Request":{"specId":1,"type":"Request","adapterType":null,"specType":null,"status":"Active","specification":null,"samplePayload":null,"statusCode":2,"contentAvailable":false},"Response":{"specId":2,"type":"Response","adapterType":null,"specType":"JOLT","status":"Active","specification":"[\n\n  {\n    \"operation\": \"shift\",\n    \"spec\": {\n      \"items\": {\n        \"*\": {\n          \"metadata\": {\n            \"name\": \"result.[&2].id\",\n            \"creationTimestamp\": \"result.[&2].fields.&\",\n            \"labels\": {\n              \"run\": \"result.[&3].fields.labels\",\n              \"app\": \"result.[&3].fields.&\"\n            }\n          }\n        }\n      }\n    }\n  },\n  {\n    \"operation\": \"modify-overwrite-beta\",\n    \"spec\": {\n      \"totalModifiedRecords\": \"=size(@(1,result))\"\n    }\n  }\n]\n","samplePayload":"{\n  \"kind\": \"List\",\n  \"apiVersion\": \"v1\",\n  \"metadata\": {},\n  \"items\": [\n    {\n      \"kind\": \"Deployment\",\n      \"apiVersion\": \"app/v1beta1\",\n      \"metadata\": {\n        \"name\": \"docs\",\n        \"namespace\": \"default\",\n        \"selfLink\": \"/apis/app/v1beta1/namespaces/default/deployments/docs\",\n        \"uid\": \"ef49e1d2-915e-11e6-be81-42010a80003f\",\n        \"resourceVersion\": \"1924126\",\n        \"generation\": 21,\n        \"creationTimestamp\": \"2016-10-13T16:06:00Z\",\n        \"labels\": {\n          \"run\": \"docs\"\n        },\n        \"annotations\": {\n          \"deployment.kubernetes.io/revision\": \"10\",\n          \"replicatingperfection.net/push-image\": \"true\"\n        }\n      },\n      \"spec\": {\n        \"replicas\": 1,\n        \"selector\": {\n          \"matchLabels\": {\n            \"run\": \"docs\"\n          }\n        },\n        \"template\": {\n          \"metadata\": {\n            \"creationTimestamp\": null,\n            \"labels\": {\n              \"auto-pushed-image-pwittrock/api-docs\": \"1477496453\",\n              \"run\": \"docs\"\n            }\n          },\n          \"spec\": {\n            \"containers\": [\n              {\n                \"name\": \"docs\",\n                \"image\": \"pwittrock/api-docs:v9\",\n                \"resources\": {},\n                \"terminationMessagePath\": \"/dev/termination-log\",\n                \"imagePullPolicy\": \"Always\"\n              }\n            ],\n            \"restartPolicy\": \"Always\",\n            \"terminationGracePeriodSeconds\": 30,\n            \"dnsPolicy\": \"ClusterFirst\",\n            \"securityContext\": {}\n          }\n        },\n        \"strategy\": {\n          \"type\": \"RollingUpdate\",\n          \"rollingUpdate\": {\n            \"maxUnavailable\": 1,\n            \"maxSurge\": 1\n          }\n        }\n      },\n      \"status\": {\n        \"observedGeneration\": 21,\n        \"replicas\": 1,\n        \"updatedReplicas\": 1,\n        \"availableReplicas\": 1\n      }\n    },\n    {\n      \"kind\": \"Deployment\",\n      \"apiVersion\": \"app/v1beta1\",\n      \"metadata\": {\n        \"name\": \"deployment-example\",\n        \"namespace\": \"default\",\n        \"selfLink\": \"/apis/app/v1beta1/namespaces/default/deployments/deployment-example\",\n        \"uid\": \"1b33145a-9c63-11e6-9c54-42010a800148\",\n        \"resourceVersion\": \"2064726\",\n        \"generation\": 4,\n        \"creationTimestamp\": \"2016-10-27T16:33:35Z\",\n        \"labels\": {\n          \"app\": \"nginx\"\n        },\n        \"annotations\": {\n          \"deployment.kubernetes.io/revision\": \"1\"\n        }\n      },\n      \"spec\": {\n        \"replicas\": 3,\n        \"selector\": {\n          \"matchLabels\": {\n            \"app\": \"nginx\"\n          }\n        },\n        \"template\": {\n          \"metadata\": {\n            \"creationTimestamp\": null,\n            \"labels\": {\n              \"app\": \"nginx\"\n            }\n          },\n          \"spec\": {\n            \"containers\": [\n              {\n                \"name\": \"nginx\",\n                \"image\": \"nginx:1.14\",\n                \"ports\": [\n                  {\n                    \"containerPort\": 80,\n                    \"protocol\": \"TCP\"\n                  }\n                ],\n                \"resources\": {},\n                \"terminationMessagePath\": \"/dev/termination-log\",\n                \"imagePullPolicy\": \"IfNotPresent\"\n              }\n            ],\n            \"restartPolicy\": \"Always\",\n            \"terminationGracePeriodSeconds\": 30,\n            \"dnsPolicy\": \"ClusterFirst\",\n            \"securityContext\": {}\n          }\n        },\n        \"strategy\": {\n          \"type\": \"RollingUpdate\",\n          \"rollingUpdate\": {\n            \"maxUnavailable\": 1,\n            \"maxSurge\": 1\n          }\n        }\n      },\n      \"status\": {\n        \"observedGeneration\": 4,\n        \"replicas\": 3,\n        \"updatedReplicas\": 3,\n        \"availableReplicas\": 3\n      }\n    }\n  ]\n}","statusCode":2,"contentAvailable":true}}},"UPDATE_RECORD":{"templateId":4,"operation":"UPDATE_RECORD","httpVerb":"POST","restUrl":"/apis/apps/v1/namespaces/${namespace}/${kind}s","specifications":{"Request":{"specId":5,"type":"Request","adapterType":null,"specType":"JOLT","status":"Active","specification":"[{\n    \"operation\": \"shift\",\n    \"spec\": {\n        \"id\": \"metadata.name\",\n      \"fields\": {\n        \"replicas\": \"spec.&\",\n        \"selector_label\": \"spec.selector.matchLabels.app\",\n        \"image\": \"spec.template.spec.containers[0].&\",\n        \"container_name\": \"spec.template.spec.containers[0].name\",\n        \"creationTimestamp\": \"spec.template.metadata.&\",\n        \"template_label\": \"spec.template.metadata.labels.app\"\n      }\n    }\n},\n  {\n    \"operation\": \"modify-overwrite-beta\",\n    \"spec\": {\n      \"spec\": {\n        \"replicas\": [\"=toInteger\", 1]\n      }\n    }\n}\n]\n","samplePayload":"{\n  \"id\":\"my-app\",\n  \"fields\": {\n    \"image\": \"nginx\",\n    \"container_name\": \"nginx\",\n    \"selector_label\": \"back-end\",\n    \"template_label\": \"back-end\",\n    \"replicas\": \"1\",\n    \"creationTimestamp\": \"2020-09-24T17:16:58Z\"\n  }\n}","statusCode":2,"contentAvailable":true},"Response":{"specId":6,"type":"Response","adapterType":null,"specType":"JOLT","status":"Active","specification":"[\n  {\n    \"operation\": \"shift\",\n    \"spec\": {\n      \"metadata\": {\n        \"name\": \"id\",\n        \"creationTimestamp\": \"fields.&\",\n\"selfLink\":\"fields._URL\",\n        \"labels\": {\n          \"app\": \"fields.&\"\n        }\n      }\n    }\n  }\n]\n","samplePayload":"{\n  \"kind\": \"Deployment\",\n  \"apiVersion\": \"apps/v1\",\n  \"metadata\": {\n    \"name\": \"deployment-example\",\n    \"namespace\": \"default\",\n    \"selfLink\": \"/apis/apps/v1/namespaces/default/deployments/deployment-example\",\n    \"uid\": \"4ccca349-9cb1-11e6-9c54-42010a800148\",\n    \"resourceVersion\": \"2119082\",\n    \"generation\": 5,\n    \"creationTimestamp\": \"2016-10-28T01:53:19Z\",\n    \"labels\": {\n      \"app\": \"nginx\"\n    }\n  },\n  \"spec\": {\n    \"replicas\": 3,\n    \"selector\": {\n      \"matchLabels\": {\n        \"app\": \"nginx\"\n      }\n    },\n    \"template\": {\n      \"metadata\": {\n        \"creationTimestamp\": null,\n        \"labels\": {\n          \"app\": \"nginx\"\n        }\n      },\n      \"spec\": {\n        \"containers\": [\n          {\n            \"name\": \"nginx\",\n            \"image\": \"nginx:1.16\",\n            \"ports\": [\n              {\n                \"containerPort\": 80,\n                \"protocol\": \"TCP\"\n              }\n            ],\n            \"resources\": {},\n            \"terminationMessagePath\": \"/dev/termination-log\",\n            \"imagePullPolicy\": \"IfNotPresent\"\n          }\n        ],\n        \"restartPolicy\": \"Always\",\n        \"terminationGracePeriodSeconds\": 30,\n        \"dnsPolicy\": \"ClusterFirst\",\n        \"securityContext\": {}\n      }\n    },\n    \"strategy\": {\n      \"type\": \"RollingUpdate\",\n      \"rollingUpdate\": {\n        \"maxUnavailable\": 1,\n        \"maxSurge\": 1\n      }\n    },\n    \"revisionHistoryLimit\": 10\n  },\n  \"status\": {\n    \"observedGeneration\": 4,\n    \"replicas\": 3,\n    \"updatedReplicas\": 3,\n    \"availableReplicas\": 3\n  }\n}","statusCode":2,"contentAvailable":true}}}},"default":true}]